timestamp_utc,exchange,symbol,oi,funding_rate,mark_price
2025-12-14T17:00:00+00:00,hyperliquid,ZEC/USDC:USDC,382326.1,1.25e-05,408.5
2025-12-14T18:00:00+00:00,hyperliquid,ZEC/USDC:USDC,381906.0799999998,1.25e-05,407.345
2025-12-14T19:00:00+00:00,hyperliquid,ZEC/USDC:USDC,376471.0600000001,1.25e-05,404.395
2025-12-14T20:00:00+00:00,hyperliquid,ZEC/USDC:USDC,375786.64,1.0917e-05,406.575
2025-12-14T21:00:00+00:00,hyperliquid,ZEC/USDC:USDC,376841.8799999998,1.25e-05,405.02
2025-12-14T22:00:00+00:00,hyperliquid,ZEC/USDC:USDC,376422.4799999999,1.25e-05,405.325
2025-12-14T23:00:00+00:00,hyperliquid,ZEC/USDC:USDC,373149.68,1.25e-05,402.505
2025-12-15T00:00:00+00:00,hyperliquid,ZEC/USDC:USDC,371694.6,1.25e-05,404.47
2025-12-15T01:00:00+00:00,hyperliquid,ZEC/USDC:USDC,371842.8,1.25e-05,404.925
2025-12-15T02:00:00+00:00,hyperliquid,ZEC/USDC:USDC,373334.5599999998,-8.8984e-06,413.755
2025-12-15T03:00:00+00:00,hyperliquid,ZEC/USDC:USDC,407521.4,-4.5041e-05,397.09
2025-12-15T04:00:00+00:00,hyperliquid,ZEC/USDC:USDC,404939.06,1.15225e-05,402.425
2025-12-15T05:00:00+00:00,hyperliquid,ZEC/USDC:USDC,401445.7399999999,1.25e-05,402.005
2025-12-15T06:00:00+00:00,hyperliquid,ZEC/USDC:USDC,388809.1600000001,9.8849e-06,406.58
2025-12-15T07:00:00+00:00,hyperliquid,ZEC/USDC:USDC,381915.8999999998,1.25e-05,409.485
2025-12-15T08:00:00+00:00,hyperliquid,ZEC/USDC:USDC,373995.0999999999,1.25e-05,402.795
2025-12-15T09:00:00+00:00,hyperliquid,ZEC/USDC:USDC,372737.44,1.25e-05,403.495
2025-12-15T10:00:00+00:00,hyperliquid,ZEC/USDC:USDC,373628.3,1.25e-05,408.765
2025-12-15T11:00:00+00:00,hyperliquid,ZEC/USDC:USDC,374370.4400000001,1.25e-05,407.355
2025-12-15T12:00:00+00:00,hyperliquid,ZEC/USDC:USDC,375095.2000000001,1.25e-05,409.745
2025-12-15T13:00:00+00:00,hyperliquid,ZEC/USDC:USDC,372155.14,1.25e-05,411.225
2025-12-15T14:00:00+00:00,hyperliquid,ZEC/USDC:USDC,406283.78,1.25e-05,409.965
2025-12-15T15:00:00+00:00,hyperliquid,ZEC/USDC:USDC,438996.72,1.25e-05,407.165
2025-12-15T16:00:00+00:00,hyperliquid,ZEC/USDC:USDC,451051.04,1.25e-05,410.37
2025-12-15T17:00:00+00:00,hyperliquid,ZEC/USDC:USDC,447572.9800000001,1.25e-05,413.815
2025-12-15T18:00:00+00:00,hyperliquid,ZEC/USDC:USDC,447884.9200000001,1.25e-05,408.995
2025-12-15T19:00:00+00:00,hyperliquid,ZEC/USDC:USDC,433985.78,1.25e-05,412.99
2025-12-15T20:00:00+00:00,hyperliquid,ZEC/USDC:USDC,426948.4400000001,1.25e-05,407.455
2025-12-15T21:00:00+00:00,hyperliquid,ZEC/USDC:USDC,422828.34,1.25e-05,398.275
2025-12-15T22:00:00+00:00,hyperliquid,ZEC/USDC:USDC,416164.9399999998,1.25e-05,409.26
2025-12-15T23:00:00+00:00,hyperliquid,ZEC/USDC:USDC,420641.4000000001,1.25e-05,411.745
2025-12-16T00:00:00+00:00,hyperliquid,ZEC/USDC:USDC,419096.9399999999,1.25e-05,413.485
2025-12-16T01:00:00+00:00,hyperliquid,ZEC/USDC:USDC,414592.34,1.25e-05,404.25
2025-12-16T02:00:00+00:00,hyperliquid,ZEC/USDC:USDC,417560.3,1.25e-05,403.57
2025-12-16T03:00:00+00:00,hyperliquid,ZEC/USDC:USDC,416254.44,1.25e-05,400.605
2025-12-16T04:00:00+00:00,hyperliquid,ZEC/USDC:USDC,415586.6000000001,1.25e-05,402.04
2025-12-16T05:00:00+00:00,hyperliquid,ZEC/USDC:USDC,409159.2,1.25e-05,398.42
2025-12-16T06:00:00+00:00,hyperliquid,ZEC/USDC:USDC,408206.66,1.25e-05,397.205
2025-12-16T07:00:00+00:00,hyperliquid,ZEC/USDC:USDC,412073.8999999998,1.25e-05,398.145
2025-12-16T08:00:00+00:00,hyperliquid,ZEC/USDC:USDC,403100.2399999999,1.25e-05,382.8
2025-12-16T09:00:00+00:00,hyperliquid,ZEC/USDC:USDC,401936.1599999999,1.25e-05,380.665
2025-12-16T10:00:00+00:00,hyperliquid,ZEC/USDC:USDC,402357.64,1.25e-05,382.485
2025-12-16T11:00:00+00:00,hyperliquid,ZEC/USDC:USDC,400079.9799999999,1.25e-05,391.68
2025-12-16T12:00:00+00:00,hyperliquid,ZEC/USDC:USDC,396772.6600000001,1.25e-05,394.725
2025-12-16T13:00:00+00:00,hyperliquid,ZEC/USDC:USDC,397532.9000000001,1.25e-05,392.015
2025-12-16T14:00:00+00:00,hyperliquid,ZEC/USDC:USDC,392991.5599999999,1.25e-05,394.085
2025-12-16T15:00:00+00:00,hyperliquid,ZEC/USDC:USDC,393471.76,1.25e-05,397.265
2025-12-16T16:00:00+00:00,hyperliquid,ZEC/USDC:USDC,395572.2,1.25e-05,407.645
2025-12-16T17:00:00+00:00,hyperliquid,ZEC/USDC:USDC,398195.2799999999,1.25e-05,407.065
2025-12-16T18:00:00+00:00,hyperliquid,ZEC/USDC:USDC,399991.9800000001,1.25e-05,405.685
2025-12-16T19:00:00+00:00,hyperliquid,ZEC/USDC:USDC,395984.4400000001,1.25e-05,402.555
2025-12-16T20:00:00+00:00,hyperliquid,ZEC/USDC:USDC,392398.4,1.25e-05,403.845
2025-12-16T21:00:00+00:00,hyperliquid,ZEC/USDC:USDC,391377.18,1.25e-05,406.885
2025-12-16T22:00:00+00:00,hyperliquid,ZEC/USDC:USDC,390929.58,1.25e-05,409.515
2025-12-16T23:00:00+00:00,hyperliquid,ZEC/USDC:USDC,389780.9199999999,1.25e-05,406.365
2025-12-17T00:00:00+00:00,hyperliquid,ZEC/USDC:USDC,392892.92,1.25e-05,403.705
2025-12-17T01:00:00+00:00,hyperliquid,ZEC/USDC:USDC,392984.36,1.25e-05,400.945
2025-12-17T02:00:00+00:00,hyperliquid,ZEC/USDC:USDC,391754.96,1.25e-05,402.315
2025-12-17T03:00:00+00:00,hyperliquid,ZEC/USDC:USDC,390405.0600000001,1.25e-05,398.975
2025-12-17T04:00:00+00:00,hyperliquid,ZEC/USDC:USDC,392854.12,1.25e-05,394.715
2025-12-17T05:00:00+00:00,hyperliquid,ZEC/USDC:USDC,394289.8799999999,1.25e-05,394.315
2025-12-17T06:00:00+00:00,hyperliquid,ZEC/USDC:USDC,395766.76,1.25e-05,393.805
2025-12-17T07:00:00+00:00,hyperliquid,ZEC/USDC:USDC,396267.7999999999,1.25e-05,390.83
2025-12-17T08:00:00+00:00,hyperliquid,ZEC/USDC:USDC,393485.98,1.25e-05,391.695
2025-12-17T09:00:00+00:00,hyperliquid,ZEC/USDC:USDC,392182.7199999999,1.25e-05,386.305
2025-12-17T12:00:00+00:00,hyperliquid,ZEC/USDC:USDC,395898.76,1.25e-05,392.46
2025-12-17T13:00:00+00:00,hyperliquid,ZEC/USDC:USDC,395097.9,1.25e-05,393.35
2025-12-17T14:00:00+00:00,hyperliquid,ZEC/USDC:USDC,395549.6200000001,1.25e-05,397.895
2025-12-17T15:00:00+00:00,hyperliquid,ZEC/USDC:USDC,392108.26,1.25e-05,404.215
2025-12-17T16:00:00+00:00,hyperliquid,ZEC/USDC:USDC,389576.8,1.25e-05,395.745
2025-12-17T17:00:00+00:00,hyperliquid,ZEC/USDC:USDC,385150.1200000001,1.25e-05,399.575
2025-12-17T18:00:00+00:00,hyperliquid,ZEC/USDC:USDC,380288.78,1.25e-05,394.335
2025-12-17T19:00:00+00:00,hyperliquid,ZEC/USDC:USDC,381752.58,1.25e-05,386.665
2025-12-17T20:00:00+00:00,hyperliquid,ZEC/USDC:USDC,381490.5200000001,1.25e-05,379.465
2025-12-17T21:00:00+00:00,hyperliquid,ZEC/USDC:USDC,383678.96,1.25e-05,383.39
2025-12-17T22:00:00+00:00,hyperliquid,ZEC/USDC:USDC,384975.26,1.25e-05,379.335
2025-12-17T23:00:00+00:00,hyperliquid,ZEC/USDC:USDC,382446.14,1.25e-05,372.815
2025-12-18T00:00:00+00:00,hyperliquid,ZEC/USDC:USDC,386483.78,1.25e-05,376.345
2025-12-18T01:00:00+00:00,hyperliquid,ZEC/USDC:USDC,386857.76,1.25e-05,377.075
2025-12-18T02:00:00+00:00,hyperliquid,ZEC/USDC:USDC,385218.58,1.25e-05,373.09
2025-12-18T03:00:00+00:00,hyperliquid,ZEC/USDC:USDC,383878.54,1.25e-05,378.275
2025-12-18T04:00:00+00:00,hyperliquid,ZEC/USDC:USDC,382727.42,1.25e-05,387.405
2025-12-18T05:00:00+00:00,hyperliquid,ZEC/USDC:USDC,381791.74,1.25e-05,392.425
2025-12-18T06:00:00+00:00,hyperliquid,ZEC/USDC:USDC,379353.4999999999,-1.9646e-05,393.71
2025-12-18T07:00:00+00:00,hyperliquid,ZEC/USDC:USDC,378216.54,9.5356e-06,394.985
2025-12-18T08:00:00+00:00,hyperliquid,ZEC/USDC:USDC,378236.02,1.17893e-05,393.995
2025-12-18T09:00:00+00:00,hyperliquid,ZEC/USDC:USDC,381245.78,1.25e-05,395.625
2025-12-18T10:00:00+00:00,hyperliquid,ZEC/USDC:USDC,383076.6,1.25e-05,395.645
2025-12-18T11:00:00+00:00,hyperliquid,ZEC/USDC:USDC,384091.16,1.25e-05,396.715
2025-12-18T12:00:00+00:00,hyperliquid,ZEC/USDC:USDC,388499.9600000001,5.6051e-06,394.305
2025-12-18T13:00:00+00:00,hyperliquid,ZEC/USDC:USDC,386547.92,1.25e-05,397.805
2025-12-18T14:00:00+00:00,hyperliquid,ZEC/USDC:USDC,379772.0999999999,1.0111e-06,403.245
2025-12-18T15:00:00+00:00,hyperliquid,ZEC/USDC:USDC,375270.94,1.25e-05,399.65
2025-12-18T16:00:00+00:00,hyperliquid,ZEC/USDC:USDC,375239.42,9.8755e-06,399.545
2025-12-18T17:00:00+00:00,hyperliquid,ZEC/USDC:USDC,375232.5399999999,1.25e-05,400.585
2025-12-18T18:00:00+00:00,hyperliquid,ZEC/USDC:USDC,370911.74,1.08048e-05,391.815
2025-12-18T19:00:00+00:00,hyperliquid,ZEC/USDC:USDC,370517.0999999999,4.718e-06,390.325
2025-12-18T20:00:00+00:00,hyperliquid,ZEC/USDC:USDC,367255.4799999999,1.25e-05,384.045
2025-12-18T21:00:00+00:00,hyperliquid,ZEC/USDC:USDC,364976.1200000001,1.25e-05,388.365
2025-12-18T22:00:00+00:00,hyperliquid,ZEC/USDC:USDC,366086.4999999999,1.25e-05,394.825
2025-12-18T23:00:00+00:00,hyperliquid,ZEC/USDC:USDC,368007.96,7.7903e-06,393.135
2025-12-19T00:00:00+00:00,hyperliquid,ZEC/USDC:USDC,365687.9000000001,1.25e-05,387.865
2025-12-19T01:00:00+00:00,hyperliquid,ZEC/USDC:USDC,367381.74,1.25e-05,388.025
2025-12-19T02:00:00+00:00,hyperliquid,ZEC/USDC:USDC,369097.72,1.25e-05,386.485
2025-12-19T03:00:00+00:00,hyperliquid,ZEC/USDC:USDC,368701.04,1.25e-05,390.075
2025-12-19T04:00:00+00:00,hyperliquid,ZEC/USDC:USDC,369070.66,1.25e-05,398.42
2025-12-19T05:00:00+00:00,hyperliquid,ZEC/USDC:USDC,372582.42,1.25e-05,399.225
2025-12-19T06:00:00+00:00,hyperliquid,ZEC/USDC:USDC,373220.72,1.25e-05,397.355
2025-12-19T07:00:00+00:00,hyperliquid,ZEC/USDC:USDC,373694.28,1.25e-05,400.05
2025-12-19T08:00:00+00:00,hyperliquid,ZEC/USDC:USDC,369995.3600000001,1.25e-05,411.985
2025-12-19T09:00:00+00:00,hyperliquid,ZEC/USDC:USDC,372488.4600000001,1.25e-05,410.97
2025-12-19T10:00:00+00:00,hyperliquid,ZEC/USDC:USDC,374396.54,1.25e-05,409.075
2025-12-19T11:00:00+00:00,hyperliquid,ZEC/USDC:USDC,374637.02,1.02584e-05,413.315
2025-12-19T12:00:00+00:00,hyperliquid,ZEC/USDC:USDC,378497.2199999999,1.25e-05,429.445
2025-12-19T13:00:00+00:00,hyperliquid,ZEC/USDC:USDC,381865.08,-1.29e-06,428.715
2025-12-19T14:00:00+00:00,hyperliquid,ZEC/USDC:USDC,383130.92,-2.81341e-05,434.06
2025-12-19T15:00:00+00:00,hyperliquid,ZEC/USDC:USDC,375514.5199999999,-3.04942e-05,432.345
2025-12-19T16:00:00+00:00,hyperliquid,ZEC/USDC:USDC,367476.2000000001,1.25e-05,433.85
2025-12-19T17:00:00+00:00,hyperliquid,ZEC/USDC:USDC,363440.04,-2.641e-07,434.375
2025-12-19T18:00:00+00:00,hyperliquid,ZEC/USDC:USDC,361265.46,1.25e-05,430.615
2025-12-19T19:00:00+00:00,hyperliquid,ZEC/USDC:USDC,363889.28,-9.4167e-06,437.115
2025-12-19T20:00:00+00:00,hyperliquid,ZEC/USDC:USDC,364281.82,1.25e-05,441.465
2025-12-19T21:00:00+00:00,hyperliquid,ZEC/USDC:USDC,365140.16,1.25e-05,450.755
2025-12-19T22:00:00+00:00,hyperliquid,ZEC/USDC:USDC,376157.9400000001,1.25e-05,447.92
2025-12-19T23:00:00+00:00,hyperliquid,ZEC/USDC:USDC,380813.34,1.25e-05,449.345
2025-12-20T00:00:00+00:00,hyperliquid,ZEC/USDC:USDC,389976.64,1.25e-05,444.865
2025-12-20T01:00:00+00:00,hyperliquid,ZEC/USDC:USDC,396432.1000000001,1.25e-05,451.005
2025-12-20T02:00:00+00:00,hyperliquid,ZEC/USDC:USDC,395759.6399999999,1.25e-05,449.705
2025-12-20T03:00:00+00:00,hyperliquid,ZEC/USDC:USDC,394995.4799999999,1.25e-05,446.655
2025-12-20T04:00:00+00:00,hyperliquid,ZEC/USDC:USDC,395471.6000000001,1.25e-05,446.335
2025-12-20T05:00:00+00:00,hyperliquid,ZEC/USDC:USDC,399733.0600000001,1.25e-05,439.785
2025-12-20T06:00:00+00:00,hyperliquid,ZEC/USDC:USDC,401387.1200000002,1.25e-05,443.015
2025-12-20T07:00:00+00:00,hyperliquid,ZEC/USDC:USDC,399693.7,1.25e-05,447.385
2025-12-20T08:00:00+00:00,hyperliquid,ZEC/USDC:USDC,401039.5599999999,1.25e-05,450.085
2025-12-20T09:00:00+00:00,hyperliquid,ZEC/USDC:USDC,403417.0399999999,1.25e-05,452.795
2025-12-20T10:00:00+00:00,hyperliquid,ZEC/USDC:USDC,404792.4399999999,1.25e-05,449.395
2025-12-20T11:00:00+00:00,hyperliquid,ZEC/USDC:USDC,404255.82,1.25e-05,446.295
2025-12-20T12:00:00+00:00,hyperliquid,ZEC/USDC:USDC,404362.5999999999,1.25e-05,446.795
2025-12-20T13:00:00+00:00,hyperliquid,ZEC/USDC:USDC,405085.9,1.25e-05,450.43
2025-12-20T14:00:00+00:00,hyperliquid,ZEC/USDC:USDC,406051.72,1.25e-05,449.075
2025-12-20T15:00:00+00:00,hyperliquid,ZEC/USDC:USDC,406694.3800000001,1.25e-05,449.665
2025-12-20T16:00:00+00:00,hyperliquid,ZEC/USDC:USDC,405336.02,1.25e-05,448.9
2025-12-20T17:00:00+00:00,hyperliquid,ZEC/USDC:USDC,407298.02,1.25e-05,449.505
2025-12-20T18:00:00+00:00,hyperliquid,ZEC/USDC:USDC,408204.28,1.25e-05,448.755
2025-12-20T19:00:00+00:00,hyperliquid,ZEC/USDC:USDC,408803.96,1.25e-05,449.585
2025-12-20T20:00:00+00:00,hyperliquid,ZEC/USDC:USDC,409547.26,1.25e-05,451.49
2025-12-20T21:00:00+00:00,hyperliquid,ZEC/USDC:USDC,409127.72,1.25e-05,450.285
2025-12-20T22:00:00+00:00,hyperliquid,ZEC/USDC:USDC,405084.3999999999,1.25e-05,449.07
2025-12-20T23:00:00+00:00,hyperliquid,ZEC/USDC:USDC,406122.74,1.25e-05,443.985
2025-12-21T00:00:00+00:00,hyperliquid,ZEC/USDC:USDC,406120.7,1.25e-05,447.045
2025-12-21T01:00:00+00:00,hyperliquid,ZEC/USDC:USDC,408010.58,1.25e-05,450.155
2025-12-21T02:00:00+00:00,hyperliquid,ZEC/USDC:USDC,406049.48,1.25e-05,446.905
2025-12-21T03:00:00+00:00,hyperliquid,ZEC/USDC:USDC,405145.3599999999,1.25e-05,442.53
2025-12-21T04:00:00+00:00,hyperliquid,ZEC/USDC:USDC,407798.3199999999,1.25e-05,447.225
2025-12-21T05:00:00+00:00,hyperliquid,ZEC/USDC:USDC,407197.04,1.25e-05,445.59
2025-12-21T06:00:00+00:00,hyperliquid,ZEC/USDC:USDC,407252.26,1.25e-05,446.39
2025-12-21T07:00:00+00:00,hyperliquid,ZEC/USDC:USDC,407431.9399999999,1.25e-05,443.885
2025-12-21T08:00:00+00:00,hyperliquid,ZEC/USDC:USDC,405034.36,1.25e-05,442.055
2025-12-21T09:00:00+00:00,hyperliquid,ZEC/USDC:USDC,404127.3800000001,1.25e-05,440.56
2025-12-21T10:00:00+00:00,hyperliquid,ZEC/USDC:USDC,405551.14,1.25e-05,443.795
2025-12-21T11:00:00+00:00,hyperliquid,ZEC/USDC:USDC,404737.18,1.25e-05,439.005
2025-12-21T12:00:00+00:00,hyperliquid,ZEC/USDC:USDC,406695.38,1.25e-05,437.695
2025-12-21T13:00:00+00:00,hyperliquid,ZEC/USDC:USDC,405923.36,1.25e-05,435.675
2025-12-21T14:00:00+00:00,hyperliquid,ZEC/USDC:USDC,403430.4,1.25e-05,433.68
2025-12-21T15:00:00+00:00,hyperliquid,ZEC/USDC:USDC,404871.7799999999,1.25e-05,431.815
2025-12-21T16:00:00+00:00,hyperliquid,ZEC/USDC:USDC,405024.9800000001,1.25e-05,434.375
2025-12-21T17:00:00+00:00,hyperliquid,ZEC/USDC:USDC,408974.88,1.25e-05,432.005
2025-12-21T18:00:00+00:00,hyperliquid,ZEC/USDC:USDC,408408.34,1.25e-05,435.375
2025-12-21T19:00:00+00:00,hyperliquid,ZEC/USDC:USDC,407615.72,1.25e-05,438.645
2025-12-21T20:00:00+00:00,hyperliquid,ZEC/USDC:USDC,408124.6200000001,1.25e-05,447.485
2025-12-21T21:00:00+00:00,hyperliquid,ZEC/USDC:USDC,408450.0000000001,1.25e-05,447.765
2025-12-21T22:00:00+00:00,hyperliquid,ZEC/USDC:USDC,403479.14,1.25e-05,442.245
2025-12-21T23:00:00+00:00,hyperliquid,ZEC/USDC:USDC,399917.2,1.25e-05,440.19
2025-12-22T00:00:00+00:00,hyperliquid,ZEC/USDC:USDC,400177.6200000001,1.25e-05,441.875
2025-12-22T01:00:00+00:00,hyperliquid,ZEC/USDC:USDC,410524.28,1.25e-05,449.75
2025-12-22T02:00:00+00:00,hyperliquid,ZEC/USDC:USDC,410678.78,1.25e-05,448.5
2025-12-22T03:00:00+00:00,hyperliquid,ZEC/USDC:USDC,411245.44,1.25e-05,449.065
2025-12-22T04:00:00+00:00,hyperliquid,ZEC/USDC:USDC,412652.04,1.25e-05,446.685
2025-12-22T05:00:00+00:00,hyperliquid,ZEC/USDC:USDC,409741.3800000001,1.25e-05,438.785
2025-12-22T06:00:00+00:00,hyperliquid,ZEC/USDC:USDC,412130.52,1.25e-05,443.645
2025-12-22T07:00:00+00:00,hyperliquid,ZEC/USDC:USDC,412652.02,1.25e-05,442.815
2025-12-22T08:00:00+00:00,hyperliquid,ZEC/USDC:USDC,414281.7200000001,1.25e-05,444.39
2025-12-22T09:00:00+00:00,hyperliquid,ZEC/USDC:USDC,425193.4799999999,1.25e-05,443.955
2025-12-22T10:00:00+00:00,hyperliquid,ZEC/USDC:USDC,429550.14,1.25e-05,444.425
2025-12-22T11:00:00+00:00,hyperliquid,ZEC/USDC:USDC,429173.3199999999,1.25e-05,447.265
2025-12-22T12:00:00+00:00,hyperliquid,ZEC/USDC:USDC,427956.04,1.25e-05,448.49
2025-12-22T13:00:00+00:00,hyperliquid,ZEC/USDC:USDC,430379.08,1.25e-05,454.065
2025-12-22T14:00:00+00:00,hyperliquid,ZEC/USDC:USDC,428998.8,1.25e-05,448.985
2025-12-22T15:00:00+00:00,hyperliquid,ZEC/USDC:USDC,423029.6800000001,1.25e-05,446.98
2025-12-22T16:00:00+00:00,hyperliquid,ZEC/USDC:USDC,418984.8199999999,1.25e-05,445.685
2025-12-22T17:00:00+00:00,hyperliquid,ZEC/USDC:USDC,418391.8399999999,1.25e-05,445.255
2025-12-22T18:00:00+00:00,hyperliquid,ZEC/USDC:USDC,416070.6400000001,1.25e-05,440.995
2025-12-22T19:00:00+00:00,hyperliquid,ZEC/USDC:USDC,413672.5000000001,-7.3563e-06,438.395
2025-12-22T20:00:00+00:00,hyperliquid,ZEC/USDC:USDC,399865.4200000002,1.25e-05,432.995
2025-12-22T21:00:00+00:00,hyperliquid,ZEC/USDC:USDC,394685.2,1.25e-05,429.005
2025-12-22T22:00:00+00:00,hyperliquid,ZEC/USDC:USDC,394765.08,9.3148e-06,432.875
2025-12-22T23:00:00+00:00,hyperliquid,ZEC/USDC:USDC,389431.6,9.0066e-06,433.405
2025-12-23T00:00:00+00:00,hyperliquid,ZEC/USDC:USDC,389124.4399999999,1.25e-05,430.995
2025-12-23T01:00:00+00:00,hyperliquid,ZEC/USDC:USDC,385352.8199999999,-4.0956e-06,435.925
2025-12-23T02:00:00+00:00,hyperliquid,ZEC/USDC:USDC,384843.5,1.25e-05,430.69
2025-12-23T03:00:00+00:00,hyperliquid,ZEC/USDC:USDC,379444.22,1.25e-05,419.845
2025-12-23T04:00:00+00:00,hyperliquid,ZEC/USDC:USDC,379639.16,1.25e-05,422.235
2025-12-23T05:00:00+00:00,hyperliquid,ZEC/USDC:USDC,379355.24,1.25e-05,417.265
2025-12-23T06:00:00+00:00,hyperliquid,ZEC/USDC:USDC,381794.4599999999,1.25e-05,415.015
2025-12-23T07:00:00+00:00,hyperliquid,ZEC/USDC:USDC,382837.24,1.25e-05,416.825
2025-12-23T08:00:00+00:00,hyperliquid,ZEC/USDC:USDC,377874.56,1.25e-05,416.08
2025-12-23T09:00:00+00:00,hyperliquid,ZEC/USDC:USDC,376891.0,1.25e-05,416.395
2025-12-23T10:00:00+00:00,hyperliquid,ZEC/USDC:USDC,375875.72,1.25e-05,417.995
2025-12-23T11:00:00+00:00,hyperliquid,ZEC/USDC:USDC,376115.66,1.25e-05,420.35
2025-12-23T12:00:00+00:00,hyperliquid,ZEC/USDC:USDC,375824.62,1.25e-05,417.59
2025-12-23T13:00:00+00:00,hyperliquid,ZEC/USDC:USDC,375122.12,1.25e-05,416.82
2025-12-23T14:00:00+00:00,hyperliquid,ZEC/USDC:USDC,373319.04,1.25e-05,412.89
2025-12-23T15:00:00+00:00,hyperliquid,ZEC/USDC:USDC,375875.8400000001,1.25e-05,413.9
2025-12-23T16:00:00+00:00,hyperliquid,ZEC/USDC:USDC,379422.16,1.25e-05,415.315
2025-12-23T17:00:00+00:00,hyperliquid,ZEC/USDC:USDC,385563.04,1.25e-05,419.57
2025-12-23T18:00:00+00:00,hyperliquid,ZEC/USDC:USDC,384599.18,1.25e-05,416.685
2025-12-23T19:00:00+00:00,hyperliquid,ZEC/USDC:USDC,388156.2399999999,1.25e-05,418.085
2025-12-23T20:00:00+00:00,hyperliquid,ZEC/USDC:USDC,387964.9000000001,1.25e-05,415.125
2025-12-23T21:00:00+00:00,hyperliquid,ZEC/USDC:USDC,389999.16,1.25e-05,417.845
2025-12-23T22:00:00+00:00,hyperliquid,ZEC/USDC:USDC,392670.24,1.25e-05,418.635
2025-12-23T23:00:00+00:00,hyperliquid,ZEC/USDC:USDC,391978.78,1.25e-05,416.535
2025-12-24T00:00:00+00:00,hyperliquid,ZEC/USDC:USDC,392509.4400000001,1.25e-05,417.595
2025-12-24T01:00:00+00:00,hyperliquid,ZEC/USDC:USDC,393816.0200000001,1.25e-05,418.855
2025-12-24T02:00:00+00:00,hyperliquid,ZEC/USDC:USDC,395776.1599999999,1.25e-05,416.755
2025-12-24T03:00:00+00:00,hyperliquid,ZEC/USDC:USDC,402755.2000000001,1.25e-05,409.085
2025-12-24T04:00:00+00:00,hyperliquid,ZEC/USDC:USDC,406998.1199999999,1.25e-05,411.055
2025-12-24T05:00:00+00:00,hyperliquid,ZEC/USDC:USDC,407665.6,1.25e-05,410.435
2025-12-24T06:00:00+00:00,hyperliquid,ZEC/USDC:USDC,412085.3799999999,1.25e-05,407.02
2025-12-24T07:00:00+00:00,hyperliquid,ZEC/USDC:USDC,411350.4399999999,1.25e-05,407.81
2025-12-24T08:00:00+00:00,hyperliquid,ZEC/USDC:USDC,411227.74,1.25e-05,407.07
2025-12-24T09:00:00+00:00,hyperliquid,ZEC/USDC:USDC,411211.94,1.25e-05,408.335
2025-12-24T10:00:00+00:00,hyperliquid,ZEC/USDC:USDC,411145.86,1.25e-05,410.055
2025-12-24T11:00:00+00:00,hyperliquid,ZEC/USDC:USDC,412700.04,1.25e-05,414.675
2025-12-24T12:00:00+00:00,hyperliquid,ZEC/USDC:USDC,414690.48,1.25e-05,412.665
2025-12-24T13:00:00+00:00,hyperliquid,ZEC/USDC:USDC,401526.7399999999,1.25e-05,424.585
2025-12-24T14:00:00+00:00,hyperliquid,ZEC/USDC:USDC,401823.58,1.25e-05,425.405
2025-12-24T15:00:00+00:00,hyperliquid,ZEC/USDC:USDC,463049.3,6.54438e-05,439.04
2025-12-24T16:00:00+00:00,hyperliquid,ZEC/USDC:USDC,460908.8399999999,1.25e-05,441.775
2025-12-24T17:00:00+00:00,hyperliquid,ZEC/USDC:USDC,465722.3800000001,1.25e-05,442.355
2025-12-24T18:00:00+00:00,hyperliquid,ZEC/USDC:USDC,463717.44,1.25e-05,437.09
2025-12-24T19:00:00+00:00,hyperliquid,ZEC/USDC:USDC,466696.48,1.25e-05,442.245
2025-12-24T20:00:00+00:00,hyperliquid,ZEC/USDC:USDC,466974.04,1.25e-05,443.755
2025-12-24T21:00:00+00:00,hyperliquid,ZEC/USDC:USDC,476211.84,1.25e-05,448.005
2025-12-24T22:00:00+00:00,hyperliquid,ZEC/USDC:USDC,484814.6000000001,2.84111e-05,447.055
2025-12-24T23:00:00+00:00,hyperliquid,ZEC/USDC:USDC,489496.7000000001,1.25e-05,446.925
2025-12-25T00:00:00+00:00,hyperliquid,ZEC/USDC:USDC,493450.36,1.25e-05,448.905
2025-12-25T01:00:00+00:00,hyperliquid,ZEC/USDC:USDC,495653.1199999999,1.25e-05,445.775
2025-12-25T02:00:00+00:00,hyperliquid,ZEC/USDC:USDC,500692.72,2.082e-05,441.635
2025-12-25T03:00:00+00:00,hyperliquid,ZEC/USDC:USDC,507101.7800000001,3.96217e-05,449.86
2025-12-25T04:00:00+00:00,hyperliquid,ZEC/USDC:USDC,508964.48,3.8908e-05,447.245
2025-12-25T05:00:00+00:00,hyperliquid,ZEC/USDC:USDC,512042.02,4.26059e-05,447.005
2025-12-25T06:00:00+00:00,hyperliquid,ZEC/USDC:USDC,516131.9999999999,5.40471e-05,445.555
2025-12-25T07:00:00+00:00,hyperliquid,ZEC/USDC:USDC,516637.14,1.25e-05,448.415
2025-12-25T08:00:00+00:00,hyperliquid,ZEC/USDC:USDC,519320.18,2.5273e-05,447.365
2025-12-25T09:00:00+00:00,hyperliquid,ZEC/USDC:USDC,519558.9,1.25e-05,448.535
2025-12-25T10:00:00+00:00,hyperliquid,ZEC/USDC:USDC,520392.4,1.25e-05,446.575
2025-12-25T11:00:00+00:00,hyperliquid,ZEC/USDC:USDC,524031.1600000001,1.25e-05,442.585
2025-12-25T12:00:00+00:00,hyperliquid,ZEC/USDC:USDC,524415.4000000001,1.25e-05,444.455
2025-12-25T13:00:00+00:00,hyperliquid,ZEC/USDC:USDC,524144.16,1.25e-05,443.88
2025-12-25T14:00:00+00:00,hyperliquid,ZEC/USDC:USDC,521834.92,1.25e-05,441.795
2025-12-25T15:00:00+00:00,hyperliquid,ZEC/USDC:USDC,520635.22,1.25e-05,439.025
2025-12-25T16:00:00+00:00,hyperliquid,ZEC/USDC:USDC,518974.24,1.25e-05,446.325
2025-12-25T17:00:00+00:00,hyperliquid,ZEC/USDC:USDC,518425.8200000001,1.25e-05,442.985
2025-12-25T18:00:00+00:00,hyperliquid,ZEC/USDC:USDC,518206.56,1.25e-05,445.83
2025-12-25T19:00:00+00:00,hyperliquid,ZEC/USDC:USDC,518910.44,1.25e-05,441.955
2025-12-25T20:00:00+00:00,hyperliquid,ZEC/USDC:USDC,517884.48,1.25e-05,440.525
2025-12-25T21:00:00+00:00,hyperliquid,ZEC/USDC:USDC,519008.96,1.25e-05,439.915
2025-12-25T22:00:00+00:00,hyperliquid,ZEC/USDC:USDC,519832.0200000001,1.25e-05,441.54
2025-12-25T23:00:00+00:00,hyperliquid,ZEC/USDC:USDC,520095.8600000001,1.25e-05,437.475
2025-12-26T00:00:00+00:00,hyperliquid,ZEC/USDC:USDC,519609.22,1.25e-05,438.195
2025-12-26T01:00:00+00:00,hyperliquid,ZEC/USDC:USDC,520033.4999999999,1.25e-05,441.605
2025-12-26T02:00:00+00:00,hyperliquid,ZEC/USDC:USDC,521643.72,1.25e-05,437.525
2025-12-26T03:00:00+00:00,hyperliquid,ZEC/USDC:USDC,519347.66,4.86623e-05,443.045
2025-12-26T04:00:00+00:00,hyperliquid,ZEC/USDC:USDC,521445.02,3.78894e-05,441.285
2025-12-26T05:00:00+00:00,hyperliquid,ZEC/USDC:USDC,521429.02,4.24963e-05,444.485
2025-12-26T06:00:00+00:00,hyperliquid,ZEC/USDC:USDC,521156.58,3.40813e-05,443.445
2025-12-26T07:00:00+00:00,hyperliquid,ZEC/USDC:USDC,528854.7600000004,0.0001014738,447.885
2025-12-26T08:00:00+00:00,hyperliquid,ZEC/USDC:USDC,531783.7600000006,4.27597e-05,446.21
2025-12-26T09:00:00+00:00,hyperliquid,ZEC/USDC:USDC,534780.9000000005,5.03315e-05,443.735
2025-12-26T10:00:00+00:00,hyperliquid,ZEC/USDC:USDC,539958.6000000001,7.75975e-05,447.655
2025-12-26T11:00:00+00:00,hyperliquid,ZEC/USDC:USDC,545312.1400000007,2.47818e-05,445.685
2025-12-26T12:00:00+00:00,hyperliquid,ZEC/USDC:USDC,548408.7600000002,2.05662e-05,448.465
2025-12-26T13:00:00+00:00,hyperliquid,ZEC/USDC:USDC,551113.5200000006,3.24088e-05,447.455
2025-12-26T14:00:00+00:00,hyperliquid,ZEC/USDC:USDC,553861.5400000003,1.66591e-05,446.085
2025-12-26T15:00:00+00:00,hyperliquid,ZEC/USDC:USDC,548433.3400000003,1.25e-05,441.865
2025-12-26T16:00:00+00:00,hyperliquid,ZEC/USDC:USDC,551140.38,1.25e-05,445.615
2025-12-26T17:00:00+00:00,hyperliquid,ZEC/USDC:USDC,550903.18,1.25e-05,440.095
2025-12-26T18:00:00+00:00,hyperliquid,ZEC/USDC:USDC,551873.9800000001,1.25e-05,442.635
2025-12-26T19:00:00+00:00,hyperliquid,ZEC/USDC:USDC,553083.6799999999,1.25e-05,441.155
2025-12-26T20:00:00+00:00,hyperliquid,ZEC/USDC:USDC,552343.8200000002,1.25e-05,443.675
2025-12-26T21:00:00+00:00,hyperliquid,ZEC/USDC:USDC,554332.9199999999,1.25e-05,447.045
2025-12-26T22:00:00+00:00,hyperliquid,ZEC/USDC:USDC,555044.0399999999,1.25e-05,447.255
2025-12-26T23:00:00+00:00,hyperliquid,ZEC/USDC:USDC,552152.08,1.25e-05,447.105
2025-12-27T00:00:00+00:00,hyperliquid,ZEC/USDC:USDC,556202.5399999998,1.59793e-05,447.87
2025-12-27T01:00:00+00:00,hyperliquid,ZEC/USDC:USDC,557489.4199999999,3.12227e-05,447.485
2025-12-27T02:00:00+00:00,hyperliquid,ZEC/USDC:USDC,556049.6999999995,0.0001745527,474.185
2025-12-27T03:00:00+00:00,hyperliquid,ZEC/USDC:USDC,558502.2400000001,1.25e-05,462.825
2025-12-27T04:00:00+00:00,hyperliquid,ZEC/USDC:USDC,572692.0600000004,1.25e-05,469.505
2025-12-27T05:00:00+00:00,hyperliquid,ZEC/USDC:USDC,572918.2399999999,1.25e-05,469.47
2025-12-27T06:00:00+00:00,hyperliquid,ZEC/USDC:USDC,572519.3200000002,1.25e-05,468.195
2025-12-27T07:00:00+00:00,hyperliquid,ZEC/USDC:USDC,573193.3400000001,4.96887e-05,468.795
2025-12-27T08:00:00+00:00,hyperliquid,ZEC/USDC:USDC,573500.5399999999,1.25e-05,469.785
2025-12-27T09:00:00+00:00,hyperliquid,ZEC/USDC:USDC,574536.82,1.25e-05,468.685
2025-12-27T10:00:00+00:00,hyperliquid,ZEC/USDC:USDC,572133.24,1.25e-05,486.235
2025-12-27T11:00:00+00:00,hyperliquid,ZEC/USDC:USDC,572751.96,1.25e-05,505.465
2025-12-27T12:00:00+00:00,hyperliquid,ZEC/USDC:USDC,575237.2800000003,2.25511e-05,511.795
2025-12-27T13:00:00+00:00,hyperliquid,ZEC/USDC:USDC,574853.2,1.34028e-05,512.28
2025-12-27T14:00:00+00:00,hyperliquid,ZEC/USDC:USDC,558380.52,1.25e-05,507.015
2025-12-27T15:00:00+00:00,hyperliquid,ZEC/USDC:USDC,556038.5199999998,1.25e-05,509.105
2025-12-27T16:00:00+00:00,hyperliquid,ZEC/USDC:USDC,564296.3400000007,2.54276e-05,521.205
2025-12-27T17:00:00+00:00,hyperliquid,ZEC/USDC:USDC,561348.22,1.25e-05,518.215
2025-12-27T18:00:00+00:00,hyperliquid,ZEC/USDC:USDC,582896.78,1.42481e-05,520.375
2025-12-27T19:00:00+00:00,hyperliquid,ZEC/USDC:USDC,579793.9400000002,1.25e-05,517.025
2025-12-27T20:00:00+00:00,hyperliquid,ZEC/USDC:USDC,583697.7599999999,3.12724e-05,516.585
2025-12-27T21:00:00+00:00,hyperliquid,ZEC/USDC:USDC,576899.2599999999,1.25e-05,509.385
2025-12-27T22:00:00+00:00,hyperliquid,ZEC/USDC:USDC,575654.3599999999,1.25e-05,516.365
2025-12-27T23:00:00+00:00,hyperliquid,ZEC/USDC:USDC,574121.6599999998,1.25e-05,514.065
2025-12-28T00:00:00+00:00,hyperliquid,ZEC/USDC:USDC,578089.4999999995,4.50212e-05,519.115
2025-12-28T01:00:00+00:00,hyperliquid,ZEC/USDC:USDC,582735.04,2.3943e-05,518.505
2025-12-28T02:00:00+00:00,hyperliquid,ZEC/USDC:USDC,582615.86,1.25e-05,515.465
2025-12-28T03:00:00+00:00,hyperliquid,ZEC/USDC:USDC,583138.72,1.25e-05,517.615
2025-12-28T04:00:00+00:00,hyperliquid,ZEC/USDC:USDC,585298.82,1.25e-05,518.33
2025-12-28T05:00:00+00:00,hyperliquid,ZEC/USDC:USDC,587231.36,3.28249e-05,518.085
2025-12-28T06:00:00+00:00,hyperliquid,ZEC/USDC:USDC,578418.9600000002,1.25e-05,514.045
2025-12-28T07:00:00+00:00,hyperliquid,ZEC/USDC:USDC,579761.64,1.25e-05,515.525
2025-12-28T08:00:00+00:00,hyperliquid,ZEC/USDC:USDC,580289.0,1.25e-05,519.175
2025-12-28T09:00:00+00:00,hyperliquid,ZEC/USDC:USDC,580222.5200000003,1.25e-05,515.615
2025-12-28T10:00:00+00:00,hyperliquid,ZEC/USDC:USDC,580590.84,1.37327e-05,518.165
2025-12-28T11:00:00+00:00,hyperliquid,ZEC/USDC:USDC,582728.3599999998,1.84629e-05,517.985
2025-12-28T12:00:00+00:00,hyperliquid,ZEC/USDC:USDC,576783.3999999999,1.25e-05,517.745
2025-12-28T13:00:00+00:00,hyperliquid,ZEC/USDC:USDC,574436.74,1.25e-05,517.795
2025-12-28T14:00:00+00:00,hyperliquid,ZEC/USDC:USDC,574976.6799999999,1.25e-05,519.775
2025-12-28T15:00:00+00:00,hyperliquid,ZEC/USDC:USDC,571320.5600000002,1.25e-05,536.795
2025-12-28T16:00:00+00:00,hyperliquid,ZEC/USDC:USDC,569692.8000000003,1.25e-05,536.555
2025-12-28T17:00:00+00:00,hyperliquid,ZEC/USDC:USDC,570722.5800000001,1.25e-05,534.855
2025-12-28T18:00:00+00:00,hyperliquid,ZEC/USDC:USDC,573426.7400000002,1.25e-05,530.205
2025-12-28T19:00:00+00:00,hyperliquid,ZEC/USDC:USDC,569961.4200000002,1.25e-05,532.085
2025-12-28T20:00:00+00:00,hyperliquid,ZEC/USDC:USDC,568912.78,1.25e-05,528.145
2025-12-28T21:00:00+00:00,hyperliquid,ZEC/USDC:USDC,566148.68,1.25e-05,525.955
2025-12-28T22:00:00+00:00,hyperliquid,ZEC/USDC:USDC,565460.3200000003,1.25e-05,527.805
2025-12-28T23:00:00+00:00,hyperliquid,ZEC/USDC:USDC,566747.4,1.25e-05,531.125
2025-12-29T00:00:00+00:00,hyperliquid,ZEC/USDC:USDC,567417.7399999998,1.25e-05,528.525
2025-12-29T01:00:00+00:00,hyperliquid,ZEC/USDC:USDC,567848.4800000001,1.25e-05,536.295
2025-12-29T02:00:00+00:00,hyperliquid,ZEC/USDC:USDC,572407.4199999999,1.25e-05,539.07
2025-12-29T03:00:00+00:00,hyperliquid,ZEC/USDC:USDC,574662.3600000003,1.25e-05,538.905
2025-12-29T04:00:00+00:00,hyperliquid,ZEC/USDC:USDC,600267.3,3.23727e-05,545.125
2025-12-29T05:00:00+00:00,hyperliquid,ZEC/USDC:USDC,587857.7799999999,1.44552e-05,535.645
2025-12-29T06:00:00+00:00,hyperliquid,ZEC/USDC:USDC,590552.2000000005,1.25e-05,535.305
2025-12-29T07:00:00+00:00,hyperliquid,ZEC/USDC:USDC,596168.5400000002,3.93655e-05,537.735
2025-12-29T08:00:00+00:00,hyperliquid,ZEC/USDC:USDC,581846.9400000002,1.25e-05,527.355
2025-12-29T09:00:00+00:00,hyperliquid,ZEC/USDC:USDC,584463.5400000003,1.25e-05,524.905
2025-12-29T10:00:00+00:00,hyperliquid,ZEC/USDC:USDC,575144.9799999999,1.25e-05,520.975
2025-12-29T11:00:00+00:00,hyperliquid,ZEC/USDC:USDC,573137.4799999999,1.25e-05,523.525
2025-12-29T12:00:00+00:00,hyperliquid,ZEC/USDC:USDC,569674.4600000001,1.25e-05,522.745
2025-12-29T13:00:00+00:00,hyperliquid,ZEC/USDC:USDC,569394.1600000001,1.25e-05,527.29
2025-12-29T14:00:00+00:00,hyperliquid,ZEC/USDC:USDC,568248.3799999999,1.25e-05,523.955
2025-12-29T15:00:00+00:00,hyperliquid,ZEC/USDC:USDC,573278.7800000001,1.25e-05,525.275
2025-12-29T16:00:00+00:00,hyperliquid,ZEC/USDC:USDC,571311.0400000002,1.25e-05,525.825
2025-12-29T17:00:00+00:00,hyperliquid,ZEC/USDC:USDC,571387.5,1.25e-05,532.315
2025-12-29T18:00:00+00:00,hyperliquid,ZEC/USDC:USDC,571141.9200000002,-0.0001017371,547.845
2025-12-29T19:00:00+00:00,hyperliquid,ZEC/USDC:USDC,560536.1599999997,-1.23737e-05,542.475
2025-12-29T20:00:00+00:00,hyperliquid,ZEC/USDC:USDC,557267.1,-8.854e-06,547.805
2025-12-29T21:00:00+00:00,hyperliquid,ZEC/USDC:USDC,557879.7799999999,1.25e-05,545.025
2025-12-29T22:00:00+00:00,hyperliquid,ZEC/USDC:USDC,548515.4399999998,-7.38011e-05,540.975
2025-12-29T23:00:00+00:00,hyperliquid,ZEC/USDC:USDC,542845.7400000002,-6.0617e-06,542.725
2025-12-30T00:00:00+00:00,hyperliquid,ZEC/USDC:USDC,538236.4199999999,1.25e-05,540.745
2025-12-30T01:00:00+00:00,hyperliquid,ZEC/USDC:USDC,536243.46,4.8834e-06,538.995
2025-12-30T02:00:00+00:00,hyperliquid,ZEC/USDC:USDC,532520.6800000002,3.8877e-06,536.365
2025-12-30T03:00:00+00:00,hyperliquid,ZEC/USDC:USDC,533404.1199999996,-6.5508e-06,539.33
2025-12-30T04:00:00+00:00,hyperliquid,ZEC/USDC:USDC,532633.06,-4.7015e-06,539.03
2025-12-30T05:00:00+00:00,hyperliquid,ZEC/USDC:USDC,533123.9799999997,-3.41545e-05,536.525
2025-12-30T06:00:00+00:00,hyperliquid,ZEC/USDC:USDC,535773.2200000001,1.25e-05,527.915
2025-12-30T07:00:00+00:00,hyperliquid,ZEC/USDC:USDC,531954.0000000002,1.25e-05,532.615
2025-12-30T08:00:00+00:00,hyperliquid,ZEC/USDC:USDC,527870.9400000001,1.25e-05,532.265
2025-12-30T09:00:00+00:00,hyperliquid,ZEC/USDC:USDC,528176.5999999999,1.25e-05,534.395
2025-12-30T10:00:00+00:00,hyperliquid,ZEC/USDC:USDC,527759.1000000002,1.25e-05,535.995
2025-12-30T11:00:00+00:00,hyperliquid,ZEC/USDC:USDC,526313.94,1.25e-05,534.525
2025-12-30T12:00:00+00:00,hyperliquid,ZEC/USDC:USDC,526294.1400000001,1.25e-05,538.385
2025-12-30T13:00:00+00:00,hyperliquid,ZEC/USDC:USDC,527250.7599999999,1.25e-05,536.425
2025-12-30T14:00:00+00:00,hyperliquid,ZEC/USDC:USDC,531574.3600000002,1.25e-05,540.63
2025-12-30T15:00:00+00:00,hyperliquid,ZEC/USDC:USDC,530874.8600000001,1.25e-05,539.095
2025-12-30T16:00:00+00:00,hyperliquid,ZEC/USDC:USDC,532097.96,1.25e-05,538.195
2025-12-30T17:00:00+00:00,hyperliquid,ZEC/USDC:USDC,527615.4800000002,1.25e-05,531.52
2025-12-30T18:00:00+00:00,hyperliquid,ZEC/USDC:USDC,524901.7200000001,1.25e-05,533.755
2025-12-30T19:00:00+00:00,hyperliquid,ZEC/USDC:USDC,525285.7000000001,1.25e-05,537.64
2025-12-30T20:00:00+00:00,hyperliquid,ZEC/USDC:USDC,526967.78,1.25e-05,534.225
2025-12-30T21:00:00+00:00,hyperliquid,ZEC/USDC:USDC,526226.3999999999,1.25e-05,531.035
2025-12-30T22:00:00+00:00,hyperliquid,ZEC/USDC:USDC,527520.5599999998,1.25e-05,527.435
2025-12-30T23:00:00+00:00,hyperliquid,ZEC/USDC:USDC,523889.5800000001,1.1426e-05,525.165
2025-12-31T00:00:00+00:00,hyperliquid,ZEC/USDC:USDC,525031.68,1.25e-05,528.955
2025-12-31T01:00:00+00:00,hyperliquid,ZEC/USDC:USDC,525753.2999999999,1.25e-05,528.9
2025-12-31T02:00:00+00:00,hyperliquid,ZEC/USDC:USDC,529804.3,1.25e-05,529.825
2025-12-31T03:00:00+00:00,hyperliquid,ZEC/USDC:USDC,526239.4199999999,1.25e-05,527.275
2025-12-31T04:00:00+00:00,hyperliquid,ZEC/USDC:USDC,525992.9199999999,1.25e-05,524.645
2025-12-31T05:00:00+00:00,hyperliquid,ZEC/USDC:USDC,525166.7000000002,1.25e-05,527.825
2025-12-31T06:00:00+00:00,hyperliquid,ZEC/USDC:USDC,525232.62,1.25e-05,523.945
2025-12-31T07:00:00+00:00,hyperliquid,ZEC/USDC:USDC,525900.5399999999,1.25e-05,524.905
2025-12-31T08:00:00+00:00,hyperliquid,ZEC/USDC:USDC,527420.3600000002,-1.51849e-05,526.185
2025-12-31T09:00:00+00:00,hyperliquid,ZEC/USDC:USDC,525579.8200000002,-3.2589e-05,524.555
2025-12-31T10:00:00+00:00,hyperliquid,ZEC/USDC:USDC,513608.2800000004,-5.31341e-05,524.375
2025-12-31T11:00:00+00:00,hyperliquid,ZEC/USDC:USDC,501085.6600000001,-6.30974e-05,523.58
2025-12-31T12:00:00+00:00,hyperliquid,ZEC/USDC:USDC,486023.16,-5.39465e-05,524.645
2025-12-31T13:00:00+00:00,hyperliquid,ZEC/USDC:USDC,483061.7999999998,-9.37094e-05,503.045
2025-12-31T14:00:00+00:00,hyperliquid,ZEC/USDC:USDC,491167.0999999999,-2.14237e-05,508.125
2025-12-31T15:00:00+00:00,hyperliquid,ZEC/USDC:USDC,486181.4000000001,6.0179e-06,508.69
2025-12-31T16:00:00+00:00,hyperliquid,ZEC/USDC:USDC,484381.64,1.25e-05,505.28
2025-12-31T17:00:00+00:00,hyperliquid,ZEC/USDC:USDC,483167.24,1.4672e-06,507.83
2025-12-31T18:00:00+00:00,hyperliquid,ZEC/USDC:USDC,483828.16,2.4671e-06,509.505
2025-12-31T19:00:00+00:00,hyperliquid,ZEC/USDC:USDC,485156.18,-4.0481e-06,512.365
2025-12-31T20:00:00+00:00,hyperliquid,ZEC/USDC:USDC,482733.0600000001,5.0748e-06,509.045
2025-12-31T21:00:00+00:00,hyperliquid,ZEC/USDC:USDC,484655.8199999999,8.3337e-06,509.635
2025-12-31T22:00:00+00:00,hyperliquid,ZEC/USDC:USDC,484646.02,-6.592e-07,511.565
2025-12-31T23:00:00+00:00,hyperliquid,ZEC/USDC:USDC,484352.84,-2.84508e-05,511.81
2026-01-01T00:00:00+00:00,hyperliquid,ZEC/USDC:USDC,483821.36,-1.03522e-05,511.545
2026-01-01T01:00:00+00:00,hyperliquid,ZEC/USDC:USDC,483365.5400000001,-2.68539e-05,511.075
2026-01-01T02:00:00+00:00,hyperliquid,ZEC/USDC:USDC,483350.7999999999,-3.4697e-05,511.355
2026-01-01T03:00:00+00:00,hyperliquid,ZEC/USDC:USDC,481060.4599999999,-4.06656e-05,508.185
2026-01-01T04:00:00+00:00,hyperliquid,ZEC/USDC:USDC,480262.4000000001,-5.24025e-05,509.505
2026-01-01T05:00:00+00:00,hyperliquid,ZEC/USDC:USDC,479138.72,-3.10566e-05,508.895
2026-01-01T06:00:00+00:00,hyperliquid,ZEC/USDC:USDC,479040.76,-1.81149e-05,507.62
2026-01-01T07:00:00+00:00,hyperliquid,ZEC/USDC:USDC,479209.02,-7.11069e-05,512.53
2026-01-01T08:00:00+00:00,hyperliquid,ZEC/USDC:USDC,478227.78,-5.27976e-05,519.125
2026-01-01T09:00:00+00:00,hyperliquid,ZEC/USDC:USDC,478112.44,-3.41466e-05,523.255
2026-01-01T10:00:00+00:00,hyperliquid,ZEC/USDC:USDC,478429.24,-3.28234e-05,522.725
2026-01-01T11:00:00+00:00,hyperliquid,ZEC/USDC:USDC,478312.8400000001,-5.19918e-05,523.835
2026-01-01T12:00:00+00:00,hyperliquid,ZEC/USDC:USDC,479006.1600000001,-3.78518e-05,525.48
2026-01-01T13:00:00+00:00,hyperliquid,ZEC/USDC:USDC,481816.88,-2.61771e-05,533.76
2026-01-01T14:00:00+00:00,hyperliquid,ZEC/USDC:USDC,482346.8199999999,-3.06668e-05,524.235
2026-01-01T15:00:00+00:00,hyperliquid,ZEC/USDC:USDC,482941.72,-6.8909e-05,527.435
2026-01-01T16:00:00+00:00,hyperliquid,ZEC/USDC:USDC,483388.7999999999,-6.09233e-05,522.615
2026-01-01T17:00:00+00:00,hyperliquid,ZEC/USDC:USDC,479201.32,-3.69047e-05,519.605
2026-01-01T18:00:00+00:00,hyperliquid,ZEC/USDC:USDC,478014.82,-2.63303e-05,518.455
2026-01-01T19:00:00+00:00,hyperliquid,ZEC/USDC:USDC,477955.12,-4.75055e-05,521.575
2026-01-01T20:00:00+00:00,hyperliquid,ZEC/USDC:USDC,479930.54,-6.34316e-05,523.955
2026-01-01T21:00:00+00:00,hyperliquid,ZEC/USDC:USDC,478741.6000000001,-7.20812e-05,521.275
2026-01-01T22:00:00+00:00,hyperliquid,ZEC/USDC:USDC,478703.28,-7.69769e-05,521.875
2026-01-01T23:00:00+00:00,hyperliquid,ZEC/USDC:USDC,480201.9999999999,-5.90424e-05,524.375
2026-01-02T00:00:00+00:00,hyperliquid,ZEC/USDC:USDC,481785.2999999999,-2.38424e-05,525.685
2026-01-02T01:00:00+00:00,hyperliquid,ZEC/USDC:USDC,485842.72,-3.96608e-05,527.355
2026-01-02T02:00:00+00:00,hyperliquid,ZEC/USDC:USDC,486564.8,-3.9524e-06,525.005
2026-01-02T03:00:00+00:00,hyperliquid,ZEC/USDC:USDC,491088.6200000001,-1.80808e-05,530.345
2026-01-02T04:00:00+00:00,hyperliquid,ZEC/USDC:USDC,489670.8400000001,6.058e-07,528.855
2026-01-02T05:00:00+00:00,hyperliquid,ZEC/USDC:USDC,488875.3399999999,1.341e-06,527.155
2026-01-02T06:00:00+00:00,hyperliquid,ZEC/USDC:USDC,489314.96,-2.6814e-06,529.26
2026-01-02T07:00:00+00:00,hyperliquid,ZEC/USDC:USDC,496335.66,-7.20294e-05,525.525
2026-01-02T08:00:00+00:00,hyperliquid,ZEC/USDC:USDC,493613.96,-2.96642e-05,520.595
2026-01-02T09:00:00+00:00,hyperliquid,ZEC/USDC:USDC,495762.8199999999,-6.09954e-05,511.375
2026-01-02T10:00:00+00:00,hyperliquid,ZEC/USDC:USDC,497227.88,-7.99395e-05,511.005
2026-01-02T11:00:00+00:00,hyperliquid,ZEC/USDC:USDC,495281.0000000001,-7.24146e-05,508.865
2026-01-02T12:00:00+00:00,hyperliquid,ZEC/USDC:USDC,498491.36,-7.25196e-05,499.555
2026-01-02T13:00:00+00:00,hyperliquid,ZEC/USDC:USDC,497903.4399999999,-7.6793e-06,496.065
2026-01-02T14:00:00+00:00,hyperliquid,ZEC/USDC:USDC,459165.2600000006,-0.0002013406,483.125
2026-01-02T15:00:00+00:00,hyperliquid,ZEC/USDC:USDC,445000.3199999999,-0.0001033856,490.215
2026-01-02T16:00:00+00:00,hyperliquid,ZEC/USDC:USDC,492521.3400000001,-0.0002185576,484.335
2026-01-02T17:00:00+00:00,hyperliquid,ZEC/USDC:USDC,480747.1,-0.0002180513,488.555
2026-01-02T18:00:00+00:00,hyperliquid,ZEC/USDC:USDC,479856.3599999999,-0.0001797678,486.985
2026-01-02T19:00:00+00:00,hyperliquid,ZEC/USDC:USDC,482024.34,-0.0001515643,488.045
2026-01-02T20:00:00+00:00,hyperliquid,ZEC/USDC:USDC,483100.64,-8.54086e-05,484.905
2026-01-02T21:00:00+00:00,hyperliquid,ZEC/USDC:USDC,487664.0399999999,-7.79826e-05,484.475
2026-01-02T22:00:00+00:00,hyperliquid,ZEC/USDC:USDC,488614.02,-6.15568e-05,483.995
2026-01-02T23:00:00+00:00,hyperliquid,ZEC/USDC:USDC,491321.3599999999,-5.12785e-05,487.765
2026-01-03T00:00:00+00:00,hyperliquid,ZEC/USDC:USDC,491920.1199999999,-2.11001e-05,488.405
2026-01-03T01:00:00+00:00,hyperliquid,ZEC/USDC:USDC,492556.46,-6.69674e-05,492.245
2026-01-03T02:00:00+00:00,hyperliquid,ZEC/USDC:USDC,493449.9800000001,-7.58557e-05,492.665
2026-01-03T03:00:00+00:00,hyperliquid,ZEC/USDC:USDC,497654.3199999999,-6.47841e-05,492.985
2026-01-03T04:00:00+00:00,hyperliquid,ZEC/USDC:USDC,500863.1799999999,-3.91592e-05,496.485
2026-01-03T05:00:00+00:00,hyperliquid,ZEC/USDC:USDC,459189.2400000002,1.25e-05,512.045
2026-01-03T06:00:00+00:00,hyperliquid,ZEC/USDC:USDC,460732.0399999999,1.25e-05,514.065
2026-01-03T07:00:00+00:00,hyperliquid,ZEC/USDC:USDC,465728.0999999998,1.25e-05,506.395
2026-01-03T08:00:00+00:00,hyperliquid,ZEC/USDC:USDC,481285.8199999997,1.25e-05,507.645
2026-01-03T09:00:00+00:00,hyperliquid,ZEC/USDC:USDC,541881.46,6.51085e-05,514.065
2026-01-03T10:00:00+00:00,hyperliquid,ZEC/USDC:USDC,547682.2200000002,1.25e-05,508.605
2026-01-03T11:00:00+00:00,hyperliquid,ZEC/USDC:USDC,560677.06,3.69648e-05,508.955
2026-01-03T12:00:00+00:00,hyperliquid,ZEC/USDC:USDC,560589.2600000004,1.25e-05,508.78
2026-01-03T13:00:00+00:00,hyperliquid,ZEC/USDC:USDC,574526.28,1.97369e-05,513.235
2026-01-03T14:00:00+00:00,hyperliquid,ZEC/USDC:USDC,569972.3399999995,1.25e-05,508.485
2026-01-03T15:00:00+00:00,hyperliquid,ZEC/USDC:USDC,564903.2800000004,1.25e-05,506.255
2026-01-03T16:00:00+00:00,hyperliquid,ZEC/USDC:USDC,565314.2800000003,1.25e-05,505.795
2026-01-03T17:00:00+00:00,hyperliquid,ZEC/USDC:USDC,570861.2599999997,1.25e-05,504.795
2026-01-03T18:00:00+00:00,hyperliquid,ZEC/USDC:USDC,571772.0200000003,1.25e-05,503.585
2026-01-03T19:00:00+00:00,hyperliquid,ZEC/USDC:USDC,562649.2400000001,1.25e-05,507.02
2026-01-03T20:00:00+00:00,hyperliquid,ZEC/USDC:USDC,568399.54,1.25e-05,509.785
2026-01-03T21:00:00+00:00,hyperliquid,ZEC/USDC:USDC,560106.96,1.25e-05,507.105
2026-01-03T22:00:00+00:00,hyperliquid,ZEC/USDC:USDC,559641.8,1.25e-05,510.15
2026-01-03T23:00:00+00:00,hyperliquid,ZEC/USDC:USDC,564744.3199999998,1.25e-05,510.405
2026-01-04T00:00:00+00:00,hyperliquid,ZEC/USDC:USDC,562950.16,1.25e-05,511.975
2026-01-04T01:00:00+00:00,hyperliquid,ZEC/USDC:USDC,560172.0399999998,1.25e-05,508.38
2026-01-04T02:00:00+00:00,hyperliquid,ZEC/USDC:USDC,558479.8799999998,1.25e-05,509.67
2026-01-04T03:00:00+00:00,hyperliquid,ZEC/USDC:USDC,558388.74,1.25e-05,511.775
2026-01-04T04:00:00+00:00,hyperliquid,ZEC/USDC:USDC,560165.8399999999,1.25e-05,513.39
2026-01-04T05:00:00+00:00,hyperliquid,ZEC/USDC:USDC,557570.86,1.25e-05,513.535
2026-01-04T06:00:00+00:00,hyperliquid,ZEC/USDC:USDC,558427.6200000002,1.25e-05,512.09
2026-01-04T07:00:00+00:00,hyperliquid,ZEC/USDC:USDC,559892.42,1.25e-05,509.745
2026-01-04T08:00:00+00:00,hyperliquid,ZEC/USDC:USDC,565312.3999999999,1.25e-05,506.655
2026-01-04T09:00:00+00:00,hyperliquid,ZEC/USDC:USDC,567390.4800000001,1.25e-05,505.605
2026-01-04T10:00:00+00:00,hyperliquid,ZEC/USDC:USDC,568003.1,1.25e-05,508.205
2026-01-04T11:00:00+00:00,hyperliquid,ZEC/USDC:USDC,570485.12,1.25e-05,508.32
2026-01-04T12:00:00+00:00,hyperliquid,ZEC/USDC:USDC,569042.6399999998,1.25e-05,508.47
2026-01-04T13:00:00+00:00,hyperliquid,ZEC/USDC:USDC,565977.0800000005,1.25e-05,495.205
2026-01-04T14:00:00+00:00,hyperliquid,ZEC/USDC:USDC,579445.1000000001,1.25e-05,501.075
2026-01-04T15:00:00+00:00,hyperliquid,ZEC/USDC:USDC,580575.7000000002,1.93029e-05,509.245
2026-01-04T16:00:00+00:00,hyperliquid,ZEC/USDC:USDC,581923.6,1.25e-05,507.665
2026-01-04T17:00:00+00:00,hyperliquid,ZEC/USDC:USDC,583418.3,2.35068e-05,507.605
2026-01-04T18:00:00+00:00,hyperliquid,ZEC/USDC:USDC,582610.7599999999,1.25e-05,505.715
2026-01-04T19:00:00+00:00,hyperliquid,ZEC/USDC:USDC,585288.0600000002,1.9852e-05,508.205
2026-01-04T20:00:00+00:00,hyperliquid,ZEC/USDC:USDC,585249.6799999999,1.25e-05,506.835
2026-01-04T21:00:00+00:00,hyperliquid,ZEC/USDC:USDC,584976.96,1.6632e-05,505.045
2026-01-04T22:00:00+00:00,hyperliquid,ZEC/USDC:USDC,583174.3400000002,1.25e-05,502.205
2026-01-04T23:00:00+00:00,hyperliquid,ZEC/USDC:USDC,579841.8200000008,1.25e-05,500.545
2026-01-05T00:00:00+00:00,hyperliquid,ZEC/USDC:USDC,580657.28,1.25e-05,504.375
2026-01-05T01:00:00+00:00,hyperliquid,ZEC/USDC:USDC,582499.6599999999,1.28376e-05,505.665
2026-01-05T02:00:00+00:00,hyperliquid,ZEC/USDC:USDC,584013.9000000004,1.25e-05,509.075
2026-01-05T03:00:00+00:00,hyperliquid,ZEC/USDC:USDC,583481.88,1.25e-05,506.295
2026-01-05T04:00:00+00:00,hyperliquid,ZEC/USDC:USDC,583873.5200000001,1.25e-05,507.355
2026-01-05T05:00:00+00:00,hyperliquid,ZEC/USDC:USDC,581210.8799999997,1.25e-05,498.165
2026-01-05T06:00:00+00:00,hyperliquid,ZEC/USDC:USDC,581577.4599999998,1.25e-05,501.445
2026-01-05T07:00:00+00:00,hyperliquid,ZEC/USDC:USDC,582061.92,1.25e-05,492.315
2026-01-05T08:00:00+00:00,hyperliquid,ZEC/USDC:USDC,582140.1199999999,1.25e-05,494.115
2026-01-05T09:00:00+00:00,hyperliquid,ZEC/USDC:USDC,583063.4200000002,1.25e-05,491.885
2026-01-05T10:00:00+00:00,hyperliquid,ZEC/USDC:USDC,581654.7200000001,1.25e-05,489.885
2026-01-05T11:00:00+00:00,hyperliquid,ZEC/USDC:USDC,579823.2000000001,1.25e-05,493.145
2026-01-05T12:00:00+00:00,hyperliquid,ZEC/USDC:USDC,584453.1999999998,1.25e-05,495.925
2026-01-05T13:00:00+00:00,hyperliquid,ZEC/USDC:USDC,583946.18,1.25e-05,493.56
2026-01-05T14:00:00+00:00,hyperliquid,ZEC/USDC:USDC,585684.04,1.25e-05,489.785
2026-01-05T15:00:00+00:00,hyperliquid,ZEC/USDC:USDC,587921.7399999999,1.25e-05,490.065
2026-01-05T16:00:00+00:00,hyperliquid,ZEC/USDC:USDC,586467.8,1.25e-05,490.56
2026-01-05T17:00:00+00:00,hyperliquid,ZEC/USDC:USDC,585483.44,1.25e-05,488.635
2026-01-05T18:00:00+00:00,hyperliquid,ZEC/USDC:USDC,581523.2200000003,1.25e-05,490.2
2026-01-05T19:00:00+00:00,hyperliquid,ZEC/USDC:USDC,580972.02,1.25e-05,494.31
2026-01-05T20:00:00+00:00,hyperliquid,ZEC/USDC:USDC,581644.32,1.25e-05,495.185
2026-01-05T21:00:00+00:00,hyperliquid,ZEC/USDC:USDC,581815.4400000001,1.25e-05,495.07
2026-01-05T22:00:00+00:00,hyperliquid,ZEC/USDC:USDC,578873.9000000001,1.25e-05,491.315
2026-01-05T23:00:00+00:00,hyperliquid,ZEC/USDC:USDC,604433.9800000001,8.41786e-05,499.335
2026-01-06T00:00:00+00:00,hyperliquid,ZEC/USDC:USDC,614278.4800000001,7.79695e-05,504.545
2026-01-06T01:00:00+00:00,hyperliquid,ZEC/USDC:USDC,614310.0399999999,6.75691e-05,503.075
2026-01-06T02:00:00+00:00,hyperliquid,ZEC/USDC:USDC,612572.1000000003,5.60851e-05,500.115
2026-01-06T03:00:00+00:00,hyperliquid,ZEC/USDC:USDC,614030.3999999999,5.14251e-05,502.205
2026-01-06T04:00:00+00:00,hyperliquid,ZEC/USDC:USDC,610920.9200000002,1.25e-05,509.295
2026-01-06T05:00:00+00:00,hyperliquid,ZEC/USDC:USDC,584366.36,1.25e-05,509.695
2026-01-06T06:00:00+00:00,hyperliquid,ZEC/USDC:USDC,562146.0,1.25e-05,508.585
2026-01-06T07:00:00+00:00,hyperliquid,ZEC/USDC:USDC,559249.38,1.25e-05,506.755
2026-01-06T08:00:00+00:00,hyperliquid,ZEC/USDC:USDC,551386.4600000001,1.25e-05,503.655
2026-01-06T09:00:00+00:00,hyperliquid,ZEC/USDC:USDC,551160.5399999999,1.25e-05,508.905
2026-01-06T10:00:00+00:00,hyperliquid,ZEC/USDC:USDC,534621.7600000001,1.25e-05,512.355
2026-01-06T11:00:00+00:00,hyperliquid,ZEC/USDC:USDC,511850.2599999998,-1.56011e-05,510.085
2026-01-06T12:00:00+00:00,hyperliquid,ZEC/USDC:USDC,509304.52,-5.95255e-05,509.595
2026-01-06T13:00:00+00:00,hyperliquid,ZEC/USDC:USDC,471595.8999999998,1.25e-05,523.87
2026-01-06T14:00:00+00:00,hyperliquid,ZEC/USDC:USDC,470617.9599999999,1.25e-05,521.045
2026-01-06T15:00:00+00:00,hyperliquid,ZEC/USDC:USDC,466576.1999999999,1.25e-05,514.695
2026-01-06T16:00:00+00:00,hyperliquid,ZEC/USDC:USDC,463969.6599999999,1.25e-05,513.955
2026-01-06T17:00:00+00:00,hyperliquid,ZEC/USDC:USDC,449021.02,1.25e-05,508.755
2026-01-06T18:00:00+00:00,hyperliquid,ZEC/USDC:USDC,449430.0800000001,1.25e-05,495.905
2026-01-06T19:00:00+00:00,hyperliquid,ZEC/USDC:USDC,446007.98,1.25e-05,496.935
2026-01-06T20:00:00+00:00,hyperliquid,ZEC/USDC:USDC,443731.5600000001,1.25e-05,497.795
2026-01-06T21:00:00+00:00,hyperliquid,ZEC/USDC:USDC,445523.76,1.25e-05,497.065
2026-01-06T22:00:00+00:00,hyperliquid,ZEC/USDC:USDC,449291.1600000001,1.25e-05,500.685
2026-01-06T23:00:00+00:00,hyperliquid,ZEC/USDC:USDC,443773.26,1.25e-05,500.975
2026-01-07T00:00:00+00:00,hyperliquid,ZEC/USDC:USDC,443956.1399999998,1.25e-05,501.445
2026-01-07T01:00:00+00:00,hyperliquid,ZEC/USDC:USDC,445018.5,1.25e-05,500.005
2026-01-07T02:00:00+00:00,hyperliquid,ZEC/USDC:USDC,445744.18,1.25e-05,494.16
2026-01-07T03:00:00+00:00,hyperliquid,ZEC/USDC:USDC,447368.9600000001,1.25e-05,498.295
2026-01-07T04:00:00+00:00,hyperliquid,ZEC/USDC:USDC,447449.12,1.25e-05,494.835
2026-01-07T05:00:00+00:00,hyperliquid,ZEC/USDC:USDC,447304.5200000001,1.25e-05,496.505
2026-01-07T06:00:00+00:00,hyperliquid,ZEC/USDC:USDC,446856.5800000001,1.25e-05,493.995
2026-01-07T07:00:00+00:00,hyperliquid,ZEC/USDC:USDC,446003.3400000001,1.25e-05,492.395
2026-01-07T08:00:00+00:00,hyperliquid,ZEC/USDC:USDC,446436.32,1.25e-05,494.67
2026-01-07T09:00:00+00:00,hyperliquid,ZEC/USDC:USDC,446365.4600000001,1.25e-05,492.505
2026-01-07T10:00:00+00:00,hyperliquid,ZEC/USDC:USDC,449701.76,1.25e-05,484.015
2026-01-07T11:00:00+00:00,hyperliquid,ZEC/USDC:USDC,450062.6799999998,1.25e-05,487.505
2026-01-07T12:00:00+00:00,hyperliquid,ZEC/USDC:USDC,449960.6799999999,1.25e-05,489.965
2026-01-07T13:00:00+00:00,hyperliquid,ZEC/USDC:USDC,451207.12,1.25e-05,486.775
2026-01-07T14:00:00+00:00,hyperliquid,ZEC/USDC:USDC,454991.12,1.25e-05,480.405
2026-01-07T15:00:00+00:00,hyperliquid,ZEC/USDC:USDC,458535.1199999999,1.25e-05,482.865
2026-01-07T16:00:00+00:00,hyperliquid,ZEC/USDC:USDC,463462.76,1.25e-05,482.485
2026-01-07T17:00:00+00:00,hyperliquid,ZEC/USDC:USDC,465609.5,1.25e-05,480.705
2026-01-07T18:00:00+00:00,hyperliquid,ZEC/USDC:USDC,465317.34,1.25e-05,482.395
2026-01-07T19:00:00+00:00,hyperliquid,ZEC/USDC:USDC,466159.78,1.25e-05,482.735
2026-01-07T20:00:00+00:00,hyperliquid,ZEC/USDC:USDC,488815.1600000001,1.25e-05,478.745
2026-01-07T21:00:00+00:00,hyperliquid,ZEC/USDC:USDC,489099.6800000001,1.25e-05,477.825
2026-01-07T22:00:00+00:00,hyperliquid,ZEC/USDC:USDC,486091.44,1.25e-05,475.415
2026-01-07T23:00:00+00:00,hyperliquid,ZEC/USDC:USDC,495604.0599999999,1.25e-05,475.315
2026-01-08T00:00:00+00:00,hyperliquid,ZEC/USDC:USDC,519830.8,0.0001179225,470.005
2026-01-08T01:00:00+00:00,hyperliquid,ZEC/USDC:USDC,530122.94,4.82664e-05,479.735
2026-01-08T02:00:00+00:00,hyperliquid,ZEC/USDC:USDC,531968.88,1.26521e-05,479.935
2026-01-08T03:00:00+00:00,hyperliquid,ZEC/USDC:USDC,530545.6199999998,3.759e-05,476.605
2026-01-08T04:00:00+00:00,hyperliquid,ZEC/USDC:USDC,549319.5600000003,6.81274e-05,464.135
2026-01-08T05:00:00+00:00,hyperliquid,ZEC/USDC:USDC,557792.0599999998,1.25e-05,453.535
2026-01-08T06:00:00+00:00,hyperliquid,ZEC/USDC:USDC,558239.46,4.50169e-05,460.785
2026-01-08T07:00:00+00:00,hyperliquid,ZEC/USDC:USDC,555053.7000000002,1.25e-05,454.69
2026-01-08T08:00:00+00:00,hyperliquid,ZEC/USDC:USDC,547397.9800000002,1.25e-05,446.185
2026-01-08T09:00:00+00:00,hyperliquid,ZEC/USDC:USDC,545455.5400000002,2.79516e-05,422.27
2026-01-08T10:00:00+00:00,hyperliquid,ZEC/USDC:USDC,503138.6199999998,6.1e-09,383.845
2026-01-08T11:00:00+00:00,hyperliquid,ZEC/USDC:USDC,484336.1399999998,1.25e-05,392.915
2026-01-08T12:00:00+00:00,hyperliquid,ZEC/USDC:USDC,491770.1199999999,1.25e-05,396.935
2026-01-08T13:00:00+00:00,hyperliquid,ZEC/USDC:USDC,499411.7199999998,7.38147e-05,398.275
2026-01-08T14:00:00+00:00,hyperliquid,ZEC/USDC:USDC,509934.5600000001,3.00379e-05,407.635
2026-01-08T15:00:00+00:00,hyperliquid,ZEC/USDC:USDC,526829.0399999985,4.29523e-05,412.515
2026-01-08T16:00:00+00:00,hyperliquid,ZEC/USDC:USDC,528865.9000000001,1.25e-05,424.825
2026-01-08T17:00:00+00:00,hyperliquid,ZEC/USDC:USDC,531570.1799999997,2.99133e-05,426.885
2026-01-08T18:00:00+00:00,hyperliquid,ZEC/USDC:USDC,532700.44,1.45196e-05,426.73
2026-01-08T19:00:00+00:00,hyperliquid,ZEC/USDC:USDC,566030.64,2.304e-05,434.415
2026-01-08T20:00:00+00:00,hyperliquid,ZEC/USDC:USDC,569218.76,1.25e-05,433.35
2026-01-08T21:00:00+00:00,hyperliquid,ZEC/USDC:USDC,564039.08,1.25e-05,430.685
2026-01-08T22:00:00+00:00,hyperliquid,ZEC/USDC:USDC,564134.3399999997,1.25e-05,426.03
2026-01-08T23:00:00+00:00,hyperliquid,ZEC/USDC:USDC,552012.0800000001,1.25e-05,422.045
2026-01-09T00:00:00+00:00,hyperliquid,ZEC/USDC:USDC,521836.94,1.25e-05,422.455
2026-01-09T01:00:00+00:00,hyperliquid,ZEC/USDC:USDC,521839.8,1.25e-05,436.225
2026-01-09T02:00:00+00:00,hyperliquid,ZEC/USDC:USDC,520999.0,1.25e-05,427.715
2026-01-09T03:00:00+00:00,hyperliquid,ZEC/USDC:USDC,519833.04,1.25e-05,428.575
2026-01-09T04:00:00+00:00,hyperliquid,ZEC/USDC:USDC,520195.8599999999,1.25e-05,441.845
2026-01-09T05:00:00+00:00,hyperliquid,ZEC/USDC:USDC,518436.6400000001,1.25e-05,433.95
2026-01-09T06:00:00+00:00,hyperliquid,ZEC/USDC:USDC,519354.1200000001,1.25e-05,434.315
2026-01-09T07:00:00+00:00,hyperliquid,ZEC/USDC:USDC,519511.36,1.25e-05,444.765
2026-01-09T08:00:00+00:00,hyperliquid,ZEC/USDC:USDC,517814.9399999999,1.25e-05,441.605
2026-01-09T09:00:00+00:00,hyperliquid,ZEC/USDC:USDC,511241.9199999998,1.25e-05,434.515
2026-01-09T10:00:00+00:00,hyperliquid,ZEC/USDC:USDC,509822.0600000001,9.4574e-06,430.535
2026-01-09T11:00:00+00:00,hyperliquid,ZEC/USDC:USDC,506764.9,1.25e-05,433.205
2026-01-09T12:00:00+00:00,hyperliquid,ZEC/USDC:USDC,505724.6199999999,1.25e-05,436.715
2026-01-09T13:00:00+00:00,hyperliquid,ZEC/USDC:USDC,503689.42,-5.4259e-06,433.145
2026-01-09T14:00:00+00:00,hyperliquid,ZEC/USDC:USDC,499358.06,1.25e-05,431.775
2026-01-09T15:00:00+00:00,hyperliquid,ZEC/USDC:USDC,490578.6399999998,-6.60774e-05,423.955
2026-01-09T16:00:00+00:00,hyperliquid,ZEC/USDC:USDC,466859.72,-4.3752e-06,430.785
2026-01-09T17:00:00+00:00,hyperliquid,ZEC/USDC:USDC,468762.9600000001,-2.09385e-05,423.825
2026-01-09T18:00:00+00:00,hyperliquid,ZEC/USDC:USDC,461259.04,1.25e-05,424.195
